model,horizon,n,rmse_model,rmse_naive,skill_rmse,mae_model,mae_naive,skill_mae,f1_model,dm_squared_stat,dm_squared_p,dm_squared_direction,dm_absolute_stat,dm_absolute_p,dm_absolute_direction,skill_rmse_ci_low,skill_rmse_ci_high,bootstrap_block_len,significance,marker
predictions_final_best,1,540,0.030114300352871076,0.02362873265700006,-0.2744780175059305,0.021919690600368493,0.0168608584034088,-0.3000340834329609,0.5048923679060665,7.168747125975089,7.569500581894317e-13,model_worse,7.622014133928838,2.4868995751603507e-14,model_worse,-0.3777920555728948,-0.1802151206408398,23,significantly_worse,†
predictions_final_best,3,540,0.0539774458454036,0.040253597928894616,-0.3409346896332417,0.041838494342509615,0.030352220571835183,-0.37843273257354104,0.4761904761904762,5.851515449865183,4.871140157902687e-09,model_worse,6.91052783078075,4.828581978699731e-12,model_worse,-0.46285576759688446,-0.2301791525536324,23,significantly_worse,†
predictions_final_best,7,540,0.07592573865811235,0.05936958964492611,-0.2788658151791885,0.05771678961683587,0.04459041915569135,-0.29437647615091156,0.4496124031007752,3.9794963416912377,6.906142274898386e-05,model_worse,4.337645401341845,1.4401725841217683e-05,model_worse,-0.41067592550038573,-0.15567424738499247,23,significantly_worse,†
