provider,weight
claude,0.3369622835394532
gemini,0.3297980264631774
openai,0.33323968999736936
