provider,weight
claude,0.3206722173325351
gemini,0.35081395051517894
openai,0.3285138321522859
