provider,weight
claude,0.3339166150008884
gemini,0.32902393190735807
openai,0.3370594530917536
